INSERT INTO Agente VALUES(
    'Cypher',
    'Jaula Cibernetica',
    'Camera de Vigilancia',
    'Fio-armadilha',
    'Assalto Neural',
    'Sentinela'
);

INSERT INTO Agente VALUES(
    'Raze',
    'Carga de Explosivos',
    'Cartuchos de Tinta',
    'Bumba',
    'Estraga-prazeres',
    'Duelista'
);

INSERT INTO Agente VALUES(
    'Breach',
    'Estopim',
    'Falha Tectonica',
    'Pos-choque',
    'Onda Trovejante',
    'Iniciador'
);

INSERT INTO Agente VALUES(
    'Killjoy',
    'Robo de Alarme',
    'Torreta',
    'Nanoenxame',
    'Confinamento',
    'Sentinela'
);

INSERT INTO Agente VALUES(
    'Viper',
    'Nuvem Venenosa',
    'Cortina Toxica',
    'Veneno de Cobra',
    'Poco Peconhento',
    'Controlador'
);

INSERT INTO Agente VALUES(
    'Neon',
    'Ricochete Eletrico',
    'Equipamento Voltaico',
    'Via Expressa',
    'Sobrecarga',
    'Duelista'
);

INSERT INTO Agente VALUES(
    'KAY/O',
    'Granada/Clarao',
    'Ponto/Zero',
    'Frag/Mento',
    'Anular/Cmd',
    'Iniciador'
);

INSERT INTO Agente VALUES(
    'Yoru',
    'Ponto Cego',
    'Passagem Dimensional',
    'Falcatrua',
    'Espionagem Dimensional',
    'Duelista'
);

INSERT INTO Agente VALUES(
    'Reyna',
    'Devorar',
    'Dispensar',
    'Olhar Voraz',
    'Imperatriz',
    'Duelista'
);

INSERT INTO Arma VALUES(
    'Classic',
    'Arma Leve',
    0
);

INSERT INTO Arma VALUES(
    'Vandal',
    'Rifle',
    2900
);

INSERT INTO Arma VALUES(
    'Bucky',
    'Escopeta',
    850
);

INSERT INTO Arma VALUES(
    'Phantom',
    'Rifle',
    2900
);

INSERT INTO Arma VALUES(
    'Marshal',
    'Sniper',
    950
);

INSERT INTO Arma VALUES(
    'Operator',
    'Sniper',
    4700
);

INSERT INTO Arma VALUES(
    'Stinger',
    'SMG',
    950
);

INSERT INTO Arma VALUES(
    'Odin',
    'Metralhadora',
    3200
);

INSERT INTO Arma VALUES(
    'Faca',
    'Faca',
    0
);

INSERT INTO Jogador VALUES(
    'Renemoo'
);

INSERT INTO Jogador VALUES(
    'Ana Bollizzant'
);

INSERT INTO Jogador VALUES(
    'kkmr'
);

INSERT INTO Jogador VALUES(
    'Risky Business'
);

INSERT INTO Jogador VALUES(
    'Bombacate'
);

INSERT INTO Jogador VALUES(
    'Delaunay'
);

INSERT INTO Jogador VALUES(
    'KORZIN'
);

INSERT INTO Jogador VALUES(
    'Trap Pillow'
);

INSERT INTO Jogador VALUES(
    'ElMaciota'
);

INSERT INTO Jogador VALUES(
    'MicroconsDelxs'
);

INSERT INTO Jogador VALUES(
    'IBRAHIM'
);

INSERT INTO Amizade VALUES(
    'Trap Pillow',
    'Renemoo'
);

INSERT INTO Amizade VALUES(
    'Renemoo',
    'Ana Bollizzant'
);

INSERT INTO Amizade VALUES(
    'Renemoo',
    'KORZIN'
);

INSERT INTO Amizade VALUES(
    'KORZIN',
    'Bombacate'
);

INSERT INTO Amizade VALUES(
    'Trap Pillow',
    'Ana Bollizzant'
);

INSERT INTO Amizade VALUES(
    'kkmr',
    'Renemoo'
);

INSERT INTO Mapa VALUES(
    'Haven',
    3
);

INSERT INTO Mapa VALUES(
    'Fracture',
    2
);

INSERT INTO Mapa VALUES(
    'Ascent',
    2
);

INSERT INTO Mapa VALUES(
    'Icebox',
    2
);

INSERT INTO Mapa VALUES(
    'Pearl',
    2
);

INSERT INTO Skin VALUES(
    0,
    'Classic Glitchpop',
    2175
);

INSERT INTO Skin VALUES(
    1,
    'Vandal Ancifogo',
    2475
);

INSERT INTO Skin VALUES(
    2,
    'Phantom Oni',
    1775
);

INSERT INTO Skin VALUES(
    3,
    'Bucky Crise Radiante 001',
    1775
);

INSERT INTO Skin VALUES(
    4,
    'Marshal Galeria',
    875
);

INSERT INTO Skin VALUES(
    5,
    'Operator Ancifogo',
    2475
);

INSERT INTO Skin VALUES(
    6,
    'Stinger Aritocrata',
    1275

);

INSERT INTO Skin VALUES(
    7,
    'Odin Xenocaçador',
    1775

);

INSERT INTO Skin VALUES(
    8,
    'Confronto Ancifogo',
    4950
);

INSERT INTO Possuem VALUES(
    'kkmr',
    2
);

INSERT INTO Possuem VALUES(
    'kkmr',
    0
);

INSERT INTO Possuem VALUES(
    'Delaunay',
    3
);

INSERT INTO Possuem VALUES(
    'Delaunay',
    5
);

INSERT INTO Possuem VALUES(
    'Delaunay',
    2
);

INSERT INTO Possuem VALUES(
    'IBRAHIM',
    8
);

INSERT INTO Possuem VALUES(
    'Renemoo',
    2
);

INSERT INTO Partida VALUES(
    0,
    'Haven'
);

INSERT INTO Partida VALUES(
    1,
    'Pearl'
);

INSERT INTO Participa VALUES(
    0,
    'Renemoo',
    'KAY/O',
    14,
    18,
    5
);

INSERT INTO Participa VALUES(
    0,
    'Trap Pillow',
    'Cypher',
    22,
    14,
    1
);

INSERT INTO Participa VALUES(
    0,
    'Bombacate',
    'Yoru',
    11,
    18,
    2
);

INSERT INTO Participa VALUES(
    0,
    'IBRAHIM',
    'Raze',
    14,
    17,
    4
);

INSERT INTO Participa VALUES(
    1,
    'Renemoo',
    'Raze',
    27,
    10,
    5
);

INSERT INTO Participa VALUES(
    1,
    'MicroconsDelxs',
    'Viper',
    7,
    12,
    3
);

INSERT INTO Participa VALUES(
    1,
    'Bombacate',
    'Yoru',
    13,
    9,
    7
);

INSERT INTO Participa VALUES(
    1,
    'KORZIN',
    'Breach',
    17,
    8,
    11
);

INSERT INTO Mata VALUES(
    'KORZIN',
    'Renemoo',
    'Stinger',
    69
);

INSERT INTO Mata VALUES(
    'Bombacate',
    'Risky Business',
    'Vandal',
    24
);

INSERT INTO Mata VALUES(
    'Bombacate',
    'Trap Pillow',
    'Vandal',
    15
);

INSERT INTO Mata VALUES(
    'kkmr',
    'Trap Pillow',
    'Vandal',
    14
);

INSERT INTO Mata VALUES(
    'Renemoo',
    'KORZIN',
    'Faca',
    13
);